capability,source_sha,schema_evidence,runtime_mode,job_owner,auth_roles,observed_result,target_environment,evidence_path,blocker
catalog,58507ef5c4e92af39ccb4dc545f6e2a8e437369f,Local migration count 173; head 20261004011500; hosted unknown,hosted unknown; local opt-in fixtures,backend; provider execution unverified,anonymous,Public shell PASS; content requires scoped sampling,production public read-only / isolated localhost,NEXT_PHASE_BASELINE.md,Hosted schema/flags/provider and signed-in acceptance require evidence
trips,58507ef5c4e92af39ccb4dc545f6e2a8e437369f,Local migration count 173; head 20261004011500; hosted unknown,hosted unknown; local opt-in fixtures,backend; provider execution unverified,owner traveller A/B,401 without session,production public read-only / isolated localhost,NEXT_PHASE_BASELINE.md,Hosted schema/flags/provider and signed-in acceptance require evidence
bookmarks,58507ef5c4e92af39ccb4dc545f6e2a8e437369f,Local migration count 173; head 20261004011500; hosted unknown,hosted unknown; local opt-in fixtures,backend; provider execution unverified,owner traveller A/B,401 without session,production public read-only / isolated localhost,NEXT_PHASE_BASELINE.md,Hosted schema/flags/provider and signed-in acceptance require evidence
creator,58507ef5c4e92af39ccb4dc545f6e2a8e437369f,Local migration count 173; head 20261004011500; hosted unknown,hosted unknown; local opt-in fixtures,backend; provider execution unverified,creator owner,503 unavailable; cause not observable from status,production public read-only / isolated localhost,NEXT_PHASE_BASELINE.md,Hosted schema/flags/provider and signed-in acceptance require evidence
merchant,58507ef5c4e92af39ccb4dc545f6e2a8e437369f,Local migration count 173; head 20261004011500; hosted unknown,hosted unknown; local opt-in fixtures,backend; provider execution unverified,owner clerk finance,Not probed,production public read-only / isolated localhost,NEXT_PHASE_BASELINE.md,Hosted schema/flags/provider and signed-in acceptance require evidence
ops,58507ef5c4e92af39ccb4dc545f6e2a8e437369f,Local migration count 173; head 20261004011500; hosted unknown,hosted unknown; local opt-in fixtures,backend; provider execution unverified,ops,503 unavailable; cause not observable from status,production public read-only / isolated localhost,NEXT_PHASE_BASELINE.md,Hosted schema/flags/provider and signed-in acceptance require evidence
notifications,58507ef5c4e92af39ccb4dc545f6e2a8e437369f,Local migration count 173; head 20261004011500; hosted unknown,hosted unknown; local opt-in fixtures,backend; provider execution unverified,account owner,503 unavailable; cause not observable from status,production public read-only / isolated localhost,NEXT_PHASE_BASELINE.md,Hosted schema/flags/provider and signed-in acceptance require evidence
media,58507ef5c4e92af39ccb4dc545f6e2a8e437369f,Local migration count 173; head 20261004011500; hosted unknown,hosted unknown; local opt-in fixtures,backend; provider execution unverified,trip owner,Not probed,production public read-only / isolated localhost,NEXT_PHASE_BASELINE.md,Hosted schema/flags/provider and signed-in acceptance require evidence
agent,58507ef5c4e92af39ccb4dc545f6e2a8e437369f,Local migration count 173; head 20261004011500; hosted unknown,hosted unknown; local opt-in fixtures,backend; provider execution unverified,account owner,Not probed,production public read-only / isolated localhost,NEXT_PHASE_BASELINE.md,Hosted schema/flags/provider and signed-in acceptance require evidence
auth,58507ef5c4e92af39ccb4dc545f6e2a8e437369f,Local migration count 173; head 20261004011500; hosted unknown,hosted unknown; local opt-in fixtures,backend; provider execution unverified,visitor account owner,Callback without valid code returns safe redirect,production public read-only / isolated localhost,NEXT_PHASE_BASELINE.md,Hosted schema/flags/provider and signed-in acceptance require evidence
booking,58507ef5c4e92af39ccb4dc545f6e2a8e437369f,Local migration count 173; head 20261004011500; hosted unknown,source-unavailable,backend; provider execution unverified,none,Unavailable by source contract,production public read-only / isolated localhost,NEXT_PHASE_BASELINE.md,
payment,58507ef5c4e92af39ccb4dc545f6e2a8e437369f,Local migration count 173; head 20261004011500; hosted unknown,source-unavailable,backend; provider execution unverified,none,Unavailable by source contract,production public read-only / isolated localhost,NEXT_PHASE_BASELINE.md,
