requirement_id,historical_K_tasks,next_N_tasks,status,closure_rule,latest_source_evidence
A01,K00 K02 K05 K06 K16 K25,N01 N02 N03 N09 N14 N16 N18,partial,All mapped task acceptance at current SHA; source-only evidence cannot close requirement.,"N16 release guards9 PASS; main218 public316/10 PASS; NEXT_PHASE_RELEASE_GATE.md; five source SQL inventory only; U06/recovery/roles/activation NO_GO; N14 merchant source5e22456: actual2RED→2GREEN geometry/keyboard persistence, clean333/41/82PASS; MERCHANT_MOBILE_ACCEPTANCE.md; physical/AT/formalNOT_RUN"
A02,K01 K03 K25,N02 N03 N16 N18,partial,All mapped task acceptance at current SHA; source-only evidence cannot close requirement.,N16 release guards9 PASS; main218 public316/10 PASS; NEXT_PHASE_RELEASE_GATE.md; five source SQL inventory only; U06/recovery/roles/activation NO_GO
A03,K01 K04 K06 K07 K09 K11 K12 K16 K25,N03 N04 N05 N08 N09 N13 N14 N16,partial,All mapped task acceptance at current SHA; source-only evidence cannot close requirement.,"N16 release guards9 PASS; main218 public316/10 PASS; NEXT_PHASE_RELEASE_GATE.md; five source SQL inventory only; U06/recovery/roles/activation NO_GO; N14 merchant source5e22456: actual2RED→2GREEN geometry/keyboard persistence, clean333/41/82PASS; MERCHANT_MOBILE_ACCEPTANCE.md; physical/AT/formalNOT_RUN"
A04,K01 K04 K23,N03 N13 N14 N16,partial,All mapped task acceptance at current SHA; source-only evidence cannot close requirement.,"N16 release guards9 PASS; main218 public316/10 PASS; NEXT_PHASE_RELEASE_GATE.md; five source SQL inventory only; U06/recovery/roles/activation NO_GO; N14 merchant source5e22456: actual2RED→2GREEN geometry/keyboard persistence, clean333/41/82PASS; MERCHANT_MOBILE_ACCEPTANCE.md; physical/AT/formalNOT_RUN"
A05,K04 K16,N09 N13 N14 N16,partial,All mapped task acceptance at current SHA; source-only evidence cannot close requirement.,"N16 release guards9 PASS; main218 public316/10 PASS; NEXT_PHASE_RELEASE_GATE.md; five source SQL inventory only; U06/recovery/roles/activation NO_GO; N14 merchant source5e22456: actual2RED→2GREEN geometry/keyboard persistence, clean333/41/82PASS; MERCHANT_MOBILE_ACCEPTANCE.md; physical/AT/formalNOT_RUN"
A06,K08 K10 K11 K16 K17,N03 N05 N06 N07 N09 N12 N13 N14 N16,partial,All mapped task acceptance at current SHA; source-only evidence cannot close requirement.,"PR35; JOURNEYS_ROLE_BUNDLE_PERFORMANCE.md; NEXT_PHASE_LEDGER.json:N12; N16 release guards9 PASS; main218 public316/10 PASS; NEXT_PHASE_RELEASE_GATE.md; five source SQL inventory only; U06/recovery/roles/activation NO_GO; N14 merchant source5e22456: actual2RED→2GREEN geometry/keyboard persistence, clean333/41/82PASS; MERCHANT_MOBILE_ACCEPTANCE.md; physical/AT/formalNOT_RUN"
A07,K02 K08,N01 N07 N09 N12 N13,partial,All mapped task acceptance at current SHA; source-only evidence cannot close requirement.,PR35; JOURNEYS_ROLE_BUNDLE_PERFORMANCE.md; NEXT_PHASE_LEDGER.json:N12
A08,K08 K19 K24,N03 N07 N09 N10 N12 N13 N17 N18,partial,All mapped task acceptance at current SHA; source-only evidence cannot close requirement.,PR35; JOURNEYS_ROLE_BUNDLE_PERFORMANCE.md; NEXT_PHASE_LEDGER.json:N12; N17 clean2551fd1:25 unit+3 owned local RPC PASS; FINANCE_AGENT_ACCEPTANCE.md; formal U04/U05/refunds/provider NOT_RUN; N17 clean9ebeb68 after main218:25 unit+3 owned local RPC PASS; FINANCE_AGENT_ACCEPTANCE.md; formal U04/U05/refunds/provider NOT_RUN
A09,K19 K24,N03 N09 N10 N12 N17 N18,partial,All mapped task acceptance at current SHA; source-only evidence cannot close requirement.,PR35; JOURNEYS_ROLE_BUNDLE_PERFORMANCE.md; NEXT_PHASE_LEDGER.json:N12; N17 clean2551fd1:25 unit+3 owned local RPC PASS; FINANCE_AGENT_ACCEPTANCE.md; formal U04/U05/refunds/provider NOT_RUN; N17 clean9ebeb68 after main218:25 unit+3 owned local RPC PASS; FINANCE_AGENT_ACCEPTANCE.md; formal U04/U05/refunds/provider NOT_RUN
A10,K19 K21 K24,N03 N09 N10 N12 N17 N18,partial,All mapped task acceptance at current SHA; source-only evidence cannot close requirement.,PR35; JOURNEYS_ROLE_BUNDLE_PERFORMANCE.md; NEXT_PHASE_LEDGER.json:N12; N17 clean2551fd1:25 unit+3 owned local RPC PASS; FINANCE_AGENT_ACCEPTANCE.md; formal U04/U05/refunds/provider NOT_RUN; N17 clean9ebeb68 after main218:25 unit+3 owned local RPC PASS; FINANCE_AGENT_ACCEPTANCE.md; formal U04/U05/refunds/provider NOT_RUN
A11,K19,N03 N09 N10,partial,All mapped task acceptance at current SHA; source-only evidence cannot close requirement.,
A12,K04 K19,N03 N09 N10 N13 N14,partial,All mapped task acceptance at current SHA; source-only evidence cannot close requirement.,"; N14 merchant source5e22456: actual2RED→2GREEN geometry/keyboard persistence, clean333/41/82PASS; MERCHANT_MOBILE_ACCEPTANCE.md; physical/AT/formalNOT_RUN"
A13,K02 K07 K16,N01 N05 N09 N14 N16,partial,All mapped task acceptance at current SHA; source-only evidence cannot close requirement.,"N16 release guards9 PASS; main218 public316/10 PASS; NEXT_PHASE_RELEASE_GATE.md; five source SQL inventory only; U06/recovery/roles/activation NO_GO; N14 merchant source5e22456: actual2RED→2GREEN geometry/keyboard persistence, clean333/41/82PASS; MERCHANT_MOBILE_ACCEPTANCE.md; physical/AT/formalNOT_RUN"
A14,K20 K22,N03 N09 N15 N17,partial,All mapped task acceptance at current SHA; source-only evidence cannot close requirement.,PR36; NOTIFICATION_ACCEPTANCE_CONTRACT.md; NEXT_PHASE_LEDGER.json:N15; N17 clean2551fd1:25 unit+3 owned local RPC PASS; FINANCE_AGENT_ACCEPTANCE.md; formal U04/U05/refunds/provider NOT_RUN; N17 clean9ebeb68 after main218:25 unit+3 owned local RPC PASS; FINANCE_AGENT_ACCEPTANCE.md; formal U04/U05/refunds/provider NOT_RUN
A15,K05 K24 K25,N03 N12 N16 N17 N18,partial,All mapped task acceptance at current SHA; source-only evidence cannot close requirement.,PR35; JOURNEYS_ROLE_BUNDLE_PERFORMANCE.md; NEXT_PHASE_LEDGER.json:N12; N17 clean2551fd1:25 unit+3 owned local RPC PASS; FINANCE_AGENT_ACCEPTANCE.md; formal U04/U05/refunds/provider NOT_RUN; N17 clean9ebeb68 after main218:25 unit+3 owned local RPC PASS; FINANCE_AGENT_ACCEPTANCE.md; formal U04/U05/refunds/provider NOT_RUN; N16 release guards9 PASS; main218 public316/10 PASS; NEXT_PHASE_RELEASE_GATE.md; five source SQL inventory only; U06/recovery/roles/activation NO_GO
A16,K02 K04 K05 K16 K25,N01 N09 N13 N14 N16 N18,partial,All mapped task acceptance at current SHA; source-only evidence cannot close requirement.,"N16 release guards9 PASS; main218 public316/10 PASS; NEXT_PHASE_RELEASE_GATE.md; five source SQL inventory only; U06/recovery/roles/activation NO_GO; N14 merchant source5e22456: actual2RED→2GREEN geometry/keyboard persistence, clean333/41/82PASS; MERCHANT_MOBILE_ACCEPTANCE.md; physical/AT/formalNOT_RUN"
A17,K09 K11 K12 K13 K16 K24,N03 N04 N08 N09 N12 N14 N15 N16 N17 N18,partial,All mapped task acceptance at current SHA; source-only evidence cannot close requirement.,"PR35; JOURNEYS_ROLE_BUNDLE_PERFORMANCE.md; NEXT_PHASE_LEDGER.json:N12; PR36; NOTIFICATION_ACCEPTANCE_CONTRACT.md; NEXT_PHASE_LEDGER.json:N15; N17 clean2551fd1:25 unit+3 owned local RPC PASS; FINANCE_AGENT_ACCEPTANCE.md; formal U04/U05/refunds/provider NOT_RUN; N17 clean9ebeb68 after main218:25 unit+3 owned local RPC PASS; FINANCE_AGENT_ACCEPTANCE.md; formal U04/U05/refunds/provider NOT_RUN; N16 release guards9 PASS; main218 public316/10 PASS; NEXT_PHASE_RELEASE_GATE.md; five source SQL inventory only; U06/recovery/roles/activation NO_GO; N14 merchant source5e22456: actual2RED→2GREEN geometry/keyboard persistence, clean333/41/82PASS; MERCHANT_MOBILE_ACCEPTANCE.md; physical/AT/formalNOT_RUN"
A18,K08 K13 K23,N07 N12 N13 N14 N15 N16,partial,All mapped task acceptance at current SHA; source-only evidence cannot close requirement.,"PR35; JOURNEYS_ROLE_BUNDLE_PERFORMANCE.md; NEXT_PHASE_LEDGER.json:N12; PR36; NOTIFICATION_ACCEPTANCE_CONTRACT.md; NEXT_PHASE_LEDGER.json:N15; N16 release guards9 PASS; main218 public316/10 PASS; NEXT_PHASE_RELEASE_GATE.md; five source SQL inventory only; U06/recovery/roles/activation NO_GO; N14 merchant source5e22456: actual2RED→2GREEN geometry/keyboard persistence, clean333/41/82PASS; MERCHANT_MOBILE_ACCEPTANCE.md; physical/AT/formalNOT_RUN"
A19,K04 K11 K16,N09 N13 N14 N16,partial,All mapped task acceptance at current SHA; source-only evidence cannot close requirement.,"N16 release guards9 PASS; main218 public316/10 PASS; NEXT_PHASE_RELEASE_GATE.md; five source SQL inventory only; U06/recovery/roles/activation NO_GO; N14 merchant source5e22456: actual2RED→2GREEN geometry/keyboard persistence, clean333/41/82PASS; MERCHANT_MOBILE_ACCEPTANCE.md; physical/AT/formalNOT_RUN"
A20,K04 K08 K23,N07 N12 N13 N14 N16,partial,All mapped task acceptance at current SHA; source-only evidence cannot close requirement.,"PR35; JOURNEYS_ROLE_BUNDLE_PERFORMANCE.md; NEXT_PHASE_LEDGER.json:N12; N16 release guards9 PASS; main218 public316/10 PASS; NEXT_PHASE_RELEASE_GATE.md; five source SQL inventory only; U06/recovery/roles/activation NO_GO; N14 merchant source5e22456: actual2RED→2GREEN geometry/keyboard persistence, clean333/41/82PASS; MERCHANT_MOBILE_ACCEPTANCE.md; physical/AT/formalNOT_RUN"
G01,K00 K01 K11 K16,N01 N02 N03 N09 N14 N16,partial,All mapped task acceptance at current SHA; source-only evidence cannot close requirement.,"N16 release guards9 PASS; main218 public316/10 PASS; NEXT_PHASE_RELEASE_GATE.md; five source SQL inventory only; U06/recovery/roles/activation NO_GO; N14 merchant source5e22456: actual2RED→2GREEN geometry/keyboard persistence, clean333/41/82PASS; MERCHANT_MOBILE_ACCEPTANCE.md; physical/AT/formalNOT_RUN"
G02,K00 K01 K02 K04 K23 K25,N01 N02 N03 N09 N13 N14 N16,partial,All mapped task acceptance at current SHA; source-only evidence cannot close requirement.,"N16 release guards9 PASS; main218 public316/10 PASS; NEXT_PHASE_RELEASE_GATE.md; five source SQL inventory only; U06/recovery/roles/activation NO_GO; N14 merchant source5e22456: actual2RED→2GREEN geometry/keyboard persistence, clean333/41/82PASS; MERCHANT_MOBILE_ACCEPTANCE.md; physical/AT/formalNOT_RUN"
G03,K01 K06 K07 K09 K11 K25,N03 N05 N09 N16,partial,All mapped task acceptance at current SHA; source-only evidence cannot close requirement.,N16 release guards9 PASS; main218 public316/10 PASS; NEXT_PHASE_RELEASE_GATE.md; five source SQL inventory only; U06/recovery/roles/activation NO_GO
G04,K02 K07 K16 K17 K18,N01 N03 N05 N06 N07 N09 N11 N14 N16,partial,All mapped task acceptance at current SHA; source-only evidence cannot close requirement.,"N16 release guards9 PASS; main218 public316/10 PASS; NEXT_PHASE_RELEASE_GATE.md; five source SQL inventory only; U06/recovery/roles/activation NO_GO; N14 merchant source5e22456: actual2RED→2GREEN geometry/keyboard persistence, clean333/41/82PASS; MERCHANT_MOBILE_ACCEPTANCE.md; physical/AT/formalNOT_RUN"
G05,K07 K09 K12 K13 K16,N04 N05 N08 N09 N14 N15 N16,partial,All mapped task acceptance at current SHA; source-only evidence cannot close requirement.,"PR36; NOTIFICATION_ACCEPTANCE_CONTRACT.md; NEXT_PHASE_LEDGER.json:N15; N16 release guards9 PASS; main218 public316/10 PASS; NEXT_PHASE_RELEASE_GATE.md; five source SQL inventory only; U06/recovery/roles/activation NO_GO; N14 merchant source5e22456: actual2RED→2GREEN geometry/keyboard persistence, clean333/41/82PASS; MERCHANT_MOBILE_ACCEPTANCE.md; physical/AT/formalNOT_RUN"
G06,K09 K10 K11 K12 K13 K14 K16 K17,N03 N04 N05 N06 N07 N08 N09 N14 N15 N16,partial,All mapped task acceptance at current SHA; source-only evidence cannot close requirement.,"PR36; NOTIFICATION_ACCEPTANCE_CONTRACT.md; NEXT_PHASE_LEDGER.json:N15; N16 release guards9 PASS; main218 public316/10 PASS; NEXT_PHASE_RELEASE_GATE.md; five source SQL inventory only; U06/recovery/roles/activation NO_GO; N14 merchant source5e22456: actual2RED→2GREEN geometry/keyboard persistence, clean333/41/82PASS; MERCHANT_MOBILE_ACCEPTANCE.md; physical/AT/formalNOT_RUN"
G07,K08 K15 K16 K22,N07 N09 N12 N13 N14 N16 N17,partial,All mapped task acceptance at current SHA; source-only evidence cannot close requirement.,"PR35; JOURNEYS_ROLE_BUNDLE_PERFORMANCE.md; NEXT_PHASE_LEDGER.json:N12; N17 clean2551fd1:25 unit+3 owned local RPC PASS; FINANCE_AGENT_ACCEPTANCE.md; formal U04/U05/refunds/provider NOT_RUN; N17 clean9ebeb68 after main218:25 unit+3 owned local RPC PASS; FINANCE_AGENT_ACCEPTANCE.md; formal U04/U05/refunds/provider NOT_RUN; N16 release guards9 PASS; main218 public316/10 PASS; NEXT_PHASE_RELEASE_GATE.md; five source SQL inventory only; U06/recovery/roles/activation NO_GO; N14 merchant source5e22456: actual2RED→2GREEN geometry/keyboard persistence, clean333/41/82PASS; MERCHANT_MOBILE_ACCEPTANCE.md; physical/AT/formalNOT_RUN"
G08,K09 K12 K13 K14 K16,N04 N08 N09 N14 N15 N16,partial,All mapped task acceptance at current SHA; source-only evidence cannot close requirement.,"PR36; NOTIFICATION_ACCEPTANCE_CONTRACT.md; NEXT_PHASE_LEDGER.json:N15; N16 release guards9 PASS; main218 public316/10 PASS; NEXT_PHASE_RELEASE_GATE.md; five source SQL inventory only; U06/recovery/roles/activation NO_GO; N14 merchant source5e22456: actual2RED→2GREEN geometry/keyboard persistence, clean333/41/82PASS; MERCHANT_MOBILE_ACCEPTANCE.md; physical/AT/formalNOT_RUN"
G09,K08 K10 K15 K16 K17 K19 K23,N03 N05 N06 N07 N09 N10 N12 N13 N14 N16,partial,All mapped task acceptance at current SHA; source-only evidence cannot close requirement.,"PR35; JOURNEYS_ROLE_BUNDLE_PERFORMANCE.md; NEXT_PHASE_LEDGER.json:N12; N16 release guards9 PASS; main218 public316/10 PASS; NEXT_PHASE_RELEASE_GATE.md; five source SQL inventory only; U06/recovery/roles/activation NO_GO; N14 merchant source5e22456: actual2RED→2GREEN geometry/keyboard persistence, clean333/41/82PASS; MERCHANT_MOBILE_ACCEPTANCE.md; physical/AT/formalNOT_RUN"
G10,K10 K13 K17 K22,N03 N05 N06 N07 N09 N14 N15 N17,partial,All mapped task acceptance at current SHA; source-only evidence cannot close requirement.,"PR36; NOTIFICATION_ACCEPTANCE_CONTRACT.md; NEXT_PHASE_LEDGER.json:N15; N17 clean2551fd1:25 unit+3 owned local RPC PASS; FINANCE_AGENT_ACCEPTANCE.md; formal U04/U05/refunds/provider NOT_RUN; N17 clean9ebeb68 after main218:25 unit+3 owned local RPC PASS; FINANCE_AGENT_ACCEPTANCE.md; formal U04/U05/refunds/provider NOT_RUN; N14 merchant source5e22456: actual2RED→2GREEN geometry/keyboard persistence, clean333/41/82PASS; MERCHANT_MOBILE_ACCEPTANCE.md; physical/AT/formalNOT_RUN"
G11,K18 K19 K21,N03 N09 N10 N11 N17,partial,All mapped task acceptance at current SHA; source-only evidence cannot close requirement.,N17 clean2551fd1:25 unit+3 owned local RPC PASS; FINANCE_AGENT_ACCEPTANCE.md; formal U04/U05/refunds/provider NOT_RUN; N17 clean9ebeb68 after main218:25 unit+3 owned local RPC PASS; FINANCE_AGENT_ACCEPTANCE.md; formal U04/U05/refunds/provider NOT_RUN
G12,K01 K18 K21,N03 N09 N11 N16 N17,partial,All mapped task acceptance at current SHA; source-only evidence cannot close requirement.,N17 clean2551fd1:25 unit+3 owned local RPC PASS; FINANCE_AGENT_ACCEPTANCE.md; formal U04/U05/refunds/provider NOT_RUN; N17 clean9ebeb68 after main218:25 unit+3 owned local RPC PASS; FINANCE_AGENT_ACCEPTANCE.md; formal U04/U05/refunds/provider NOT_RUN; N16 release guards9 PASS; main218 public316/10 PASS; NEXT_PHASE_RELEASE_GATE.md; five source SQL inventory only; U06/recovery/roles/activation NO_GO
G13,K17 K20 K24,N03 N05 N06 N07 N09 N12 N15 N17 N18,partial,All mapped task acceptance at current SHA; source-only evidence cannot close requirement.,PR35; JOURNEYS_ROLE_BUNDLE_PERFORMANCE.md; NEXT_PHASE_LEDGER.json:N12; PR36; NOTIFICATION_ACCEPTANCE_CONTRACT.md; NEXT_PHASE_LEDGER.json:N15; N17 clean2551fd1:25 unit+3 owned local RPC PASS; FINANCE_AGENT_ACCEPTANCE.md; formal U04/U05/refunds/provider NOT_RUN; N17 clean9ebeb68 after main218:25 unit+3 owned local RPC PASS; FINANCE_AGENT_ACCEPTANCE.md; formal U04/U05/refunds/provider NOT_RUN
G14,K19 K20,N03 N09 N10 N15,partial,All mapped task acceptance at current SHA; source-only evidence cannot close requirement.,PR36; NOTIFICATION_ACCEPTANCE_CONTRACT.md; NEXT_PHASE_LEDGER.json:N15
G15,K04 K08 K14 K23 K25,N07 N09 N12 N13 N14 N16,partial,All mapped task acceptance at current SHA; source-only evidence cannot close requirement.,"PR35; JOURNEYS_ROLE_BUNDLE_PERFORMANCE.md; NEXT_PHASE_LEDGER.json:N12; N16 release guards9 PASS; main218 public316/10 PASS; NEXT_PHASE_RELEASE_GATE.md; five source SQL inventory only; U06/recovery/roles/activation NO_GO; N14 merchant source5e22456: actual2RED→2GREEN geometry/keyboard persistence, clean333/41/82PASS; MERCHANT_MOBILE_ACCEPTANCE.md; physical/AT/formalNOT_RUN"
G16,K22,N09 N17,partial,All mapped task acceptance at current SHA; source-only evidence cannot close requirement.,N17 clean2551fd1:25 unit+3 owned local RPC PASS; FINANCE_AGENT_ACCEPTANCE.md; formal U04/U05/refunds/provider NOT_RUN; N17 clean9ebeb68 after main218:25 unit+3 owned local RPC PASS; FINANCE_AGENT_ACCEPTANCE.md; formal U04/U05/refunds/provider NOT_RUN
G17,K01 K03 K05 K06 K13 K14 K16 K21 K24 K25,N02 N03 N09 N12 N14 N15 N16 N17 N18,partial,All mapped task acceptance at current SHA; source-only evidence cannot close requirement.,"PR35; JOURNEYS_ROLE_BUNDLE_PERFORMANCE.md; NEXT_PHASE_LEDGER.json:N12; PR36; NOTIFICATION_ACCEPTANCE_CONTRACT.md; NEXT_PHASE_LEDGER.json:N15; N17 clean2551fd1:25 unit+3 owned local RPC PASS; FINANCE_AGENT_ACCEPTANCE.md; formal U04/U05/refunds/provider NOT_RUN; N17 clean9ebeb68 after main218:25 unit+3 owned local RPC PASS; FINANCE_AGENT_ACCEPTANCE.md; formal U04/U05/refunds/provider NOT_RUN; N16 release guards9 PASS; main218 public316/10 PASS; NEXT_PHASE_RELEASE_GATE.md; five source SQL inventory only; U06/recovery/roles/activation NO_GO; N14 merchant source5e22456: actual2RED→2GREEN geometry/keyboard persistence, clean333/41/82PASS; MERCHANT_MOBILE_ACCEPTANCE.md; physical/AT/formalNOT_RUN"
G18,K16 K24,N03 N09 N12 N14 N16 N17 N18,partial,All mapped task acceptance at current SHA; source-only evidence cannot close requirement.,"PR35; JOURNEYS_ROLE_BUNDLE_PERFORMANCE.md; NEXT_PHASE_LEDGER.json:N12; N17 clean2551fd1:25 unit+3 owned local RPC PASS; FINANCE_AGENT_ACCEPTANCE.md; formal U04/U05/refunds/provider NOT_RUN; N17 clean9ebeb68 after main218:25 unit+3 owned local RPC PASS; FINANCE_AGENT_ACCEPTANCE.md; formal U04/U05/refunds/provider NOT_RUN; N16 release guards9 PASS; main218 public316/10 PASS; NEXT_PHASE_RELEASE_GATE.md; five source SQL inventory only; U06/recovery/roles/activation NO_GO; N14 merchant source5e22456: actual2RED→2GREEN geometry/keyboard persistence, clean333/41/82PASS; MERCHANT_MOBILE_ACCEPTANCE.md; physical/AT/formalNOT_RUN"
LegacyE01,K00 K01,N01 N02 N03 N16,partial,All mapped task acceptance at current SHA; source-only evidence cannot close requirement.,N16 release guards9 PASS; main218 public316/10 PASS; NEXT_PHASE_RELEASE_GATE.md; five source SQL inventory only; U06/recovery/roles/activation NO_GO
LegacyE02,K04 K23,N13 N14 N16,partial,All mapped task acceptance at current SHA; source-only evidence cannot close requirement.,"N16 release guards9 PASS; main218 public316/10 PASS; NEXT_PHASE_RELEASE_GATE.md; five source SQL inventory only; U06/recovery/roles/activation NO_GO; N14 merchant source5e22456: actual2RED→2GREEN geometry/keyboard persistence, clean333/41/82PASS; MERCHANT_MOBILE_ACCEPTANCE.md; physical/AT/formalNOT_RUN"
LegacyE03,K04 K23,N13 N14 N16,partial,All mapped task acceptance at current SHA; source-only evidence cannot close requirement.,"N16 release guards9 PASS; main218 public316/10 PASS; NEXT_PHASE_RELEASE_GATE.md; five source SQL inventory only; U06/recovery/roles/activation NO_GO; N14 merchant source5e22456: actual2RED→2GREEN geometry/keyboard persistence, clean333/41/82PASS; MERCHANT_MOBILE_ACCEPTANCE.md; physical/AT/formalNOT_RUN"
LegacyE04,K03,N02 N18,partial,All mapped task acceptance at current SHA; source-only evidence cannot close requirement.,
LegacyE05,K02 K20,N01 N03 N09 N15,partial,All mapped task acceptance at current SHA; source-only evidence cannot close requirement.,PR36; NOTIFICATION_ACCEPTANCE_CONTRACT.md; NEXT_PHASE_LEDGER.json:N15
LegacyE06,K02 K17,N01 N03 N05 N06 N07 N09,partial,All mapped task acceptance at current SHA; source-only evidence cannot close requirement.,
LegacyE07,K23,N16,partial,All mapped task acceptance at current SHA; source-only evidence cannot close requirement.,N16 release guards9 PASS; main218 public316/10 PASS; NEXT_PHASE_RELEASE_GATE.md; five source SQL inventory only; U06/recovery/roles/activation NO_GO
LegacyE08,K08,N07 N12 N13,partial,All mapped task acceptance at current SHA; source-only evidence cannot close requirement.,PR35; JOURNEYS_ROLE_BUNDLE_PERFORMANCE.md; NEXT_PHASE_LEDGER.json:N12
LegacyE09,K02 K06 K09 K10,N01 N03 N06 N07 N09,partial,All mapped task acceptance at current SHA; source-only evidence cannot close requirement.,
U01,K16 K25,N09 N14 N16,partial,All mapped task acceptance at current SHA; source-only evidence cannot close requirement.,"N16 release guards9 PASS; main218 public316/10 PASS; NEXT_PHASE_RELEASE_GATE.md; five source SQL inventory only; U06/recovery/roles/activation NO_GO; N14 merchant source5e22456: actual2RED→2GREEN geometry/keyboard persistence, clean333/41/82PASS; MERCHANT_MOBILE_ACCEPTANCE.md; physical/AT/formalNOT_RUN"
U02,K16 K25,N09 N14 N16,partial,All mapped task acceptance at current SHA; source-only evidence cannot close requirement.,"N16 release guards9 PASS; main218 public316/10 PASS; NEXT_PHASE_RELEASE_GATE.md; five source SQL inventory only; U06/recovery/roles/activation NO_GO; N14 merchant source5e22456: actual2RED→2GREEN geometry/keyboard persistence, clean333/41/82PASS; MERCHANT_MOBILE_ACCEPTANCE.md; physical/AT/formalNOT_RUN"
U03,K17 K25,N03 N05 N06 N07 N16,partial,All mapped task acceptance at current SHA; source-only evidence cannot close requirement.,N16 release guards9 PASS; main218 public316/10 PASS; NEXT_PHASE_RELEASE_GATE.md; five source SQL inventory only; U06/recovery/roles/activation NO_GO
U04,K18 K21 K25,N03 N09 N11 N16 N17,partial,All mapped task acceptance at current SHA; source-only evidence cannot close requirement.,N17 clean2551fd1:25 unit+3 owned local RPC PASS; FINANCE_AGENT_ACCEPTANCE.md; formal U04/U05/refunds/provider NOT_RUN; N17 clean9ebeb68 after main218:25 unit+3 owned local RPC PASS; FINANCE_AGENT_ACCEPTANCE.md; formal U04/U05/refunds/provider NOT_RUN; N16 release guards9 PASS; main218 public316/10 PASS; NEXT_PHASE_RELEASE_GATE.md; five source SQL inventory only; U06/recovery/roles/activation NO_GO
U05,K19 K21 K25,N03 N09 N10 N16 N17,partial,All mapped task acceptance at current SHA; source-only evidence cannot close requirement.,N17 clean2551fd1:25 unit+3 owned local RPC PASS; FINANCE_AGENT_ACCEPTANCE.md; formal U04/U05/refunds/provider NOT_RUN; N17 clean9ebeb68 after main218:25 unit+3 owned local RPC PASS; FINANCE_AGENT_ACCEPTANCE.md; formal U04/U05/refunds/provider NOT_RUN; N16 release guards9 PASS; main218 public316/10 PASS; NEXT_PHASE_RELEASE_GATE.md; five source SQL inventory only; U06/recovery/roles/activation NO_GO
U06,K16 K25,N09 N14 N16,partial,All mapped task acceptance at current SHA; source-only evidence cannot close requirement.,"N16 release guards9 PASS; main218 public316/10 PASS; NEXT_PHASE_RELEASE_GATE.md; five source SQL inventory only; U06/recovery/roles/activation NO_GO; N14 merchant source5e22456: actual2RED→2GREEN geometry/keyboard persistence, clean333/41/82PASS; MERCHANT_MOBILE_ACCEPTANCE.md; physical/AT/formalNOT_RUN"
